x,y,bin
-0.9965823534031023,0.36383124821310603,2
-0.6172088150115734,1.3971778604852716,2
1.0654160534188906,2.5595583842390703,6
0.027453925312805546,1.3639036434751513,4
0.572066502479792,2.0241911592990047,5
-1.5495523888200158,-0.039008511095596,1
0.15008316904890054,0.8201763956391781,4
-0.9945890335242566,0.9911425182308418,2
-0.4418016434582334,0.107659075809999,3
-0.15058819794982936,0.43538960731618526,3
1.9858258231816546,3.0088212418095486,6
-0.4042823119411173,0.3590163901108667,3
-0.4148232404995938,0.9265862908357148,3
0.6902011039097307,1.9572920311318724,5
-0.1861047636282305,1.005275001307042,3
0.37618417073919913,1.95313698458894,4
1.57490277541488,2.8699537239982167,6
-0.61504518418659,0.270191762111247,2
0.06391703592307885,0.9072122175721391,4
-0.24849940274383653,0.6744787775121546,3
-0.6352569780711771,0.36252824107942144,2
0.045615260289103704,1.3876739009273904,4
-0.2520425210643381,0.6723122286102458,3
-0.8749314374042456,-0.86381910993015,2
0.2376632053312024,1.2558274805714054,4
0.13489803799919675,1.193756510500301,4
-0.8255891282312816,-0.8936195213298951,2
0.21420852566974333,0.7407818317218549,4
-0.6516404496098899,0.7123851806641992,2
1.0497781191484785,2.101286552498037,6
1.5969914054098113,2.8798317763226167,6
-0.1553617141576138,0.2568272389223786,3
-0.14214717774021868,1.3081730168221424,3
0.3581769484811326,0.89909522073532,4
-1.3220235033396162,-0.20878456694264286,1
-0.34785396274106567,1.3023340434561956,3
-0.22464740732950245,-0.5231919816077955,3
-0.9217325527776175,0.812198597883441,2
-0.93946081131483,-0.3653620662748936,2
1.6609337247583935,1.9830015034457276,6
0.08600488037611217,1.7118367010821518,4
0.6101210208632959,1.62061900391433,5
0.7225398119626099,1.1686876966559971,5
0.7697833905083888,2.283728450223353,5
0.07292701908791138,0.41572661938972966,4
0.19474354248509188,1.4906196329335901,4
-0.9260292594027066,-0.3201938478295304,2
0.5867767220096819,1.8568496116519024,5
1.0869857446230433,2.1530381088550783,6
-0.39318269797287164,1.6169659280066606,3
0.7445376776503874,1.0715962791223608,5
0.3301425100011738,1.3239449213472365,4
-0.463675960290751,0.6385631956579441,3
0.4639750563697687,1.0858492826768371,5
-1.065540366592204,-0.1974989343558952,1
-1.6747252270889688,-0.5375094917533265,1
-0.5287039864184677,1.0488510714990047,2
0.715750835015848,1.9275559296403721,5
-0.21981451264605192,1.6243967432599458,3
-0.11168497197529759,0.37819817883709383,3
1.495475684230365,2.151281876706345,6
1.3797840178382534,1.7963658228190018,6
0.3025106599346674,1.502601421969326,4
-0.004830716957180368,1.5975896756554828,4
0.5959807403647205,1.3487107629616018,5
0.6579763198752181,2.0434191625209426,5
-0.7104127738344709,-0.06343862255795957,2
0.8679345292239883,1.630556112939118,5
-0.05144461681437969,0.9673644371081425,3
-0.06995270676099892,0.6865121817424361,3
-0.6982394935719647,-0.5479616145509613,2
0.9913491955444806,1.51286250847183,5
-0.504407018770256,0.4176137002708417,2
1.1691500831359505,2.4364650788132916,6
1.3183341417969827,2.4509717007307112,6
-0.3191161792269878,1.1380427992781461,3
1.4227405794945551,1.8739016140774747,6
-0.6047125486905967,-0.21879724380929888,2
-2.0903851450622377,-1.5584814506159272,1
0.2959839431940731,1.0968837296876353,4
0.9157140623056352,2.280790990024022,5
-0.4399254315111844,0.4291692594909623,3
-2.5986449276448504,-2.2222237695071976,1
-1.0341202156117142,0.17214875683667252,1
-1.0827933117544268,0.4214429215610409,1
-2.1128081599357222,-0.8084667146399563,1
0.7107506136657116,1.8174148218659185,5
1.492404984049101,2.6979643657630517,6
-0.5455656263708873,0.6690767643474479,2
-0.9108424722903424,-0.42100321835667454,2
1.9146288126446023,3.6357438529525306,6
0.16631568464559626,0.3636906920636873,4
-0.0677403499187529,0.9329685903727667,3
-2.4891588854076803,-1.9039861040268067,1
-1.903075964090631,-0.4090703409019013,1
0.23985792242006035,0.3556928727606681,4
0.14570329847652264,1.3689222501526361,4
0.5916637445013936,2.095007309657001,5
0.8362996635549378,2.064581530141537,5
0.5616176985402733,2.3044027839700676,5
-0.08836476035756448,0.9521612166809156,3
1.3881452484349714,2.377134016061284,6
0.9875926895139141,1.9157383456226924,5
-0.6034515600277034,0.301348931354745,2
0.8726287585443865,1.271878366990662,5
0.20633120369963928,1.0632171555458765,4
2.869491681990796,3.2682534139685155,6
-0.4051324143515447,0.7207318231664328,3
2.1171789016664557,2.9777191069300493,6
0.6463308481207145,0.5452105826773097,5
0.3871995746327944,1.9024835894822507,4
0.5164869783958714,1.5656783823235405,5
-0.07268211241972816,0.9204032813949413,3
-2.7228190234362404,-1.5182238472986114,1
1.2316246793188481,3.0273933072299055,6
-0.5102322954983334,1.1579545783669218,2
-0.8905042660735881,-0.6676442130476273,2
1.3712994889498475,2.0675556485060835,6
0.054874843375033636,0.49462316607538814,4
1.4201238458593002,2.9778471151388777,6
0.4856123437593144,1.448694271056094,5
-0.7305583603661212,0.7835258047307849,2
-1.6609907926106715,-1.1208058499229983,1
-1.37159916045239,0.09107797548150759,1
-0.7475356712132877,-0.2625348044824507,2
-0.33272433176929395,0.5802670558725416,3
-0.18743813009198346,1.3906289568960677,3
-0.9381941319521732,0.3233628040793704,2
-0.12808669856386615,-0.041306374456774986,3
0.5326657838464904,1.5531521337846994,5
1.016140770080446,2.152784765925621,5
0.9997207720218158,2.8016716559719295,5
-0.029530210555942057,0.7717626596279332,3
-0.09581330864793416,0.4890743921113976,3
0.6139023858420608,1.643942718383216,5
-1.6781962248618558,-0.44525954125726774,1
-1.8605476216888195,-0.4299528077067576,1
-0.9937867733273428,-0.23688213826968985,2
0.5176822403897501,1.3405604844742316,5
-0.1924374354605618,1.7627383072461522,3
1.8119469018057508,2.9761568990489815,6
-0.030861870148729337,1.134009236162355,3
-0.7192566870324909,0.19691357874558346,2
-2.390048302701106,-1.7479544391800341,1
-0.4689301874939093,0.6400146943404701,3
-0.48476322314863374,1.3525331496476305,2
-0.12714060301622257,0.3466615923539056,3
0.7263374910369653,1.3387252770362188,5
-1.1372336125311868,0.36887016213676427,1
-0.21104168504789816,0.7099438561724463,3
0.26497555394961875,1.783188570425645,4
-0.5273882673555026,0.4852555863973052,2
0.22154581349435068,1.7224622197677286,4
1.2918001417645208,2.7811191006142897,6
-0.24187635131567722,0.7568124337306598,3
0.6065758421664638,1.8050183414130223,5
0.19145025486289208,1.0871444292168475,4
0.6811589172592155,1.449986140844195,5
1.8800048735430128,2.7180442076848337,6
-1.0348370846075936,-0.6276269747942917,1
0.008291775841365789,0.9866862515515403,4
-0.5125398151838036,0.14241680104322213,2
0.6667589253892108,0.4645352543411474,5
0.7133680543385034,1.5475215565407043,5
0.9175493350915247,2.2878303562747644,5
0.41437951280818613,1.600528885963324,4
-0.6274929339077888,-0.1464527551890119,2
-0.10520247838996827,1.112594454177988,3
-2.3842849276837774,-1.9221961896235786,1
-1.287958488855911,-0.43179134284061216,1
-2.142892400454789,-1.3811119160320795,1
-1.2360099027724012,0.1327197479960967,1
0.22875789796924784,1.111476773706859,4
-0.42314052198945723,0.3475657888843007,3
0.053612553309307205,1.103401615182014,4
1.0259677757746872,1.8302507393909717,6
1.2267928812231494,2.5022185927919605,6
0.4016089954619034,1.1674821866157763,4
0.47808162092078105,1.641838935885074,5
-1.23443128852936,-0.8369310183579413,1
0.3390401636044106,0.7369910355354246,4
-2.6077282572095446,-0.6747472033155013,1
-0.007686186127564218,0.700228655000254,4
1.2939154419198249,1.8419338166116859,6
1.529118288295037,2.9498956906948197,6
-0.5695892500112093,0.4540285725761951,2
0.41215994462602096,1.6291855058792217,4
-0.5251865128233781,0.5567162588091312,2
-0.8235687344928596,-0.23186330923369558,2
0.2396696235185885,-0.3789290211125471,4
0.4954646490771743,1.4953471928302344,5
0.7365948215944464,2.458690162887782,5
0.12664913995162824,0.787116956402681,4
1.1774191381456725,2.31872465692288,6
-0.5742761290708793,1.2249586403818105,2
-1.2410353653459836,-1.1299420784485754,1
1.001029584669247,2.1216448076416836,5
-1.1202432269175726,-0.98282553573754,1
-1.1497760223614022,-0.7874618418343656,1
-0.10975736881568411,0.36124214933071896,3
0.14927789816207715,1.0553606687072952,4
0.8315598223420378,1.299767418892277,5
1.3997262697056065,2.6064016985949543,6
-0.7653720173896995,0.6977083370580625,2
-1.086198296744433,-0.0511770900147338,1
-0.3145484986225246,0.7438477436151797,3
-1.7474647786424111,-0.808816468973879,1
0.17524591201242404,1.028588858906589,4
1.4272417328834377,2.0569191280360206,6
0.09021521645539343,1.125858719884833,4
-0.9862928997749542,-0.08276318978677755,2
2.5276373505686496,2.722851843330214,6
1.2863867167379668,1.7888287252585497,6
-0.3161343478430085,1.0891782572381832,3
-0.4154368119463807,0.7132076979270925,3
-0.44182327753760275,-0.3089144582079776,3
0.23833023544838228,2.2434787258538256,4
1.0082214251250063,1.7311810142595785,5
-0.7402096283448751,-0.3760319629549811,2
-0.8151729944193367,-0.5045330546572739,2
2.046681567435453,2.800249759279238,6
-0.3522956316949221,1.1976996002171403,3
-2.088594838559753,-1.274025425278039,1
-0.11088147226791106,0.7113851422362338,3
-0.5253580618931653,0.7152312741403686,2
1.0243019618111193,1.7666363677105115,6
-1.3154965328374337,-0.5131223480115986,1
0.10964512273254712,0.6820896262212286,4
-0.030304824470035463,1.0810005806891974,3
-0.2932992322161122,0.5713044327795439,3
0.5124912362811023,1.2312285971523447,5
-1.9262573562224574,-0.9262310105729644,1
1.4027150277649236,1.479302511599705,6
-2.145656042011292,-2.009927819941473,1
-0.6843599054272188,-0.2339145453964857,2
-1.3418405815379797,0.7700584872418117,1
1.825295049601575,2.101816175403937,6
1.3907915392018553,2.5360991701270015,6
-0.05108029812538442,2.6552905129710345,3
0.1252550106170682,0.953505066606288,4
-0.77580538714252,0.11099882501267883,2
0.40740355689192376,1.733099678179517,4
-5.58260084135264e-4,1.178711274588879,4
0.6254538379493221,2.2511984134873124,5
0.9439207858096752,1.590985093804701,5
-0.0565791232189033,1.1270515569360824,3
-0.39355173121234327,-0.10992785469786182,3
-0.6559015939492526,-0.23141254349125806,2
1.1514813248244995,2.0072666213007655,6
2.0929556121717092,1.7641799064217332,6
-0.391225890570437,1.7149391262202398,3
-1.5625909941097387,-0.9485208793163014,1
-0.5547058433203413,1.1502674625563034,2
-0.49020361138596275,0.5455660148628753,2
0.38784242484260595,0.8944883484038708,4
-2.7794224810810655,-1.5272938056454022,1
1.7572682273086246,2.5538026562512175,6
0.0433784118993737,1.6294577183994412,4
0.26217604802226335,2.331095144985067,4
1.2692763172095871,2.158319625459604,6
1.528538301126491,2.7553925394717598,6
1.6979244372733409,3.2066298653986673,6
1.0636595440608703,2.424408729854549,6
2.2385645701974357,3.3551138275590042,6
0.2661299866930091,1.41913732122169,4
-2.7342631435672446,-1.9599851596429112,1
0.38988723295966377,0.8691421121150973,4
-1.1763155989395817,1.3842340143827998,1
0.28239652338951676,1.4952601804013725,4
1.2622929110311065,2.185929081912721,6
-1.0757606536480329,-0.823826793766429,1
-0.3395024369714774,0.8876780353883931,3
-0.4716045915217001,-0.15530053038779246,2
-0.4429850003609146,0.7486568249477261,3
-0.44246402221137715,1.3816960124259519,3
1.5399328006630681,2.7540381621909606,6
-1.0262684941237388,-0.37193495775429797,1
-0.953913819191936,-0.8321983096546357,2
0.778175606294191,1.749066270259429,5
0.7064191565186979,1.546995576208405,5
-0.8269995162940187,0.09150359182054178,2
0.013319718566592384,1.5750393396514795,4
0.7248825577530228,1.9162974622878608,5
-0.17286404067744393,0.33911025267449196,3
0.4571013557659586,1.158168039807304,4
-1.571138533149593,-0.2023534182383253,1
-0.08020967525155658,0.6537967089070251,3
-0.5304386786512,1.3523843681773067,2
-2.2309976562003073,-1.0768077252322277,1
-1.2352996944240477,-0.35544037921801075,1
0.9363910393088792,2.208822562024844,5
0.8723968536301884,1.4476268010501576,5
-1.666313917270551,-0.252623844486689,1
-0.8887204803698509,0.45194427956674027,2
-0.3158055757130964,0.44058040193902165,3
1.0450650581283527,2.0755885150150246,6
1.1365227781681047,1.630306328639052,6
-0.620587442756392,-0.3335545111965137,2
-0.6525849499430755,0.1510315165909183,2
0.8534386330002114,1.8021752654997785,5
-0.9528813410085524,0.435989949007851,2
-0.1535704002232523,0.7445860945885627,3
0.11317885772671844,0.8300270842439067,4
2.5541916404344227,3.2152589122552286,6
0.3533720065275056,0.6739427853478996,4
-0.007523179419237408,-0.09826180460844736,4
-0.5102808937445212,-0.39145429219869576,2
0.027326506638139094,0.8860011319095117,4
-1.1867309067820584,-0.1355594334024549,1
0.8956533909382687,1.082528045204731,5
0.366606003881315,1.0870695240415953,4
-1.4058478926547648,-0.5150825403408439,1
2.4966007633468985,3.9936440813722265,6
-1.1250766152372937,0.22889823416093175,1
-0.9915848453682995,0.2761141863799461,2
-1.7949124201127602,-0.9071916788109654,1
-1.8849580712755254,-0.062428490283032434,1
-1.3725384854806557,-0.9980165239849127,1
0.1687427678314749,1.439603010660364,4
-0.3856526546571303,0.279933467678751,3
0.20913400541438174,1.0914185942481593,4
-1.1358673452544414,0.10602285179392618,1
0.5175410155275267,1.5041410289528812,5
1.2201092800983606,2.30023618458948,6
0.09092532164111264,0.49783214119977726,4
0.16086013930200213,0.9011332380471663,4
-2.2255201754518392,-1.2983180420910267,1
-0.9774714288555927,-0.2536035572850482,2
1.2820031223007482,2.6839649722495262,6
0.43718171363503205,1.3934959400926683,4
-0.43583798675130575,1.100873521650977,3
0.6852308153523013,1.3196025763413988,5
1.253231490220097,1.9886317762930492,6
1.8675073713983834,3.530358721671185,6
1.0223172005872962,2.3066905758040606,6
0.7969571018690894,2.2240549221642687,5
-0.5756838860318705,0.7225314704593646,2
0.9663628834748034,1.8745420315391865,5
-1.0986413624599654,-0.35148945258719294,1
-0.4396146729891367,0.6415052270256472,3
-1.389776580225811,-0.421082180604571,1
0.4066344557271372,1.3402424594406406,4
0.07467468986867982,0.47101983061547714,4
-0.8224370093188574,-0.2622181295139113,2
1.206050233626744,2.2706768170854286,6
-0.9355678711176457,-0.20887902636589983,2
1.7170201265504752,2.9109112556742263,6
1.0023753626777123,0.7688938087855026,5
0.9365307876644716,2.8154305709382412,5
1.7018921732564138,2.393071486392641,6
-2.041700743575433,-1.0547760261395482,1
-0.49378629434025356,1.3082172628265325,2
-0.2249723988380597,0.2888658605986525,3
-1.2567009638415005,-0.011714916792757796,1
-1.232638320248598,0.20543577902683052,1
0.782827007036426,2.3920202945943068,5
0.437493399026227,1.1150816559471342,4
1.2377900116005462,2.831803705223776,6
-0.8353385222207255,-0.01506700620748197,2
-0.7071052212054155,1.3798779665147927,2
-2.4682653911259584,-1.2417845717680416,1
2.0174588246138807,3.348656506476791,6
-0.8782746882579576,-0.34142826557065553,2
0.4158042830654472,1.0674873861739582,4
2.0642082673504754,3.260132986893987,6
0.5219510834231814,2.2776256559027965,5
-0.36232728678121834,0.9045314826261934,3
-1.3188138603639756,0.678022693795698,1
1.1992259260006106,2.484864125284365,6
-0.9574631696357823,0.42354696352705196,2
1.1566529876338016,3.309627900902175,6
0.4631187692860234,1.602348883103415,5
-0.9467408666911632,0.47222326594501707,2
0.6876452394837714,2.067566277352261,5
0.421610841945061,1.3828423946963908,4
0.13301119367127043,1.723749809005967,4
-0.021320876813267393,1.1602444938334042,3
-1.598810426875058,-0.01265930504954016,1
0.36913315488342663,1.151491966185993,4
-0.9284766280019632,-0.1491341908554634,2
0.733381898790674,1.8411860786095635,5
-1.8771197819605248,-0.8981301287544884,1
-0.8328036382538774,0.5094543537950017,2
-1.5857173615823836,-0.015570006498859867,1
1.0290869319943325,2.2757920876085973,6
-1.521371624131993,-0.4005621072309929,1
-0.018205968510668764,1.8048783703045814,4
-1.193240291468735,-0.18576677280624887,1
0.44148486286224803,1.5367525309705254,4
0.3481126964022877,1.3966795717766414,4
-1.0306940472623525,0.46160711781299285,1
0.22294320621390654,0.6111057928993909,4
-1.0337461898593472,0.02295363122565098,1
-1.1261155175797,-0.5889254784487872,1
-1.0482805159102009,0.4504133915435594,1
-1.9113331675132683,-1.4067103336191678,1
-0.5617622806128579,-0.46028073580084994,2
1.6683753155147099,2.9126859569391512,6
-0.4923549494923465,0.6833490226657958,2
-0.7530048152256765,0.357636593095379,2
1.3438289132979424,1.8785416274888995,6
-0.40342073833556347,0.30577151616327913,3
2.134789059424869,3.3206242942766155,6
-0.18167288580510607,0.17722495203576205,3
0.502959210226046,1.625374489392165,5
0.04070996613203491,0.7683641736320199,4
-0.9016388060258328,-0.6914248028314144,2
1.1871897046895585,2.5179523007750806,6
-0.42636606973221375,0.8890132097123657,3
-1.106690040059651,0.4885741490298532,1
0.3115565821369071,0.6682532150502865,4
0.13342576631668726,1.32375829729229,4
0.29887631481620386,0.8115986889039836,4
-1.053427388350001,-0.42599223315200363,1
1.2361565708883566,2.943674213454547,6
-0.3247897071661402,0.8006148640169313,3
0.37250776792693047,1.769632005496074,4
-1.029632758364762,0.6884811157561842,1
-1.1750773416904354,0.10680188638568294,1
0.7064644272131998,1.747849728136869,5
0.49656274411588486,1.6395615351018362,5
-1.0179153256919249,0.5874378272996137,1
0.9325149533927687,2.6554111626576673,5
0.9756743896245472,2.795655707264903,5
-0.7193845743960876,-0.28828709482108406,2
0.7395699907829582,1.4121559415871499,5
-0.6920256097602503,-0.4017354262938406,2
0.006771314415266177,1.8945282597619904,4
-2.0708013532079836,-1.3958392683996461,1
1.0052135051020685,2.124343948543118,5
-1.1885767600651636,-0.43943253667745924,1
0.29516794385294876,-0.42946193140694744,4
1.0196957277873602,1.5891900838768716,6
0.34285980343959827,0.4069421996585305,4
-0.9801600386640507,-0.08430966963613293,2
1.0763515320248742,1.9154463696454378,6
-0.3048293563735112,1.0703047786243705,3
0.7434293445686698,2.1901533261570694,5
0.38911230788968176,0.6633480077401099,4
1.6942191469424392,2.578100336283653,6
0.04801099204316152,1.1092180352335517,4
1.4962608761427707,2.9481475874549856,6
-0.7807094419872701,0.658361137264095,2
0.43198909984940864,0.6223220289492649,4
0.37394627598696706,0.9703956510189956,4
-0.013583291664742852,0.8542003971111858,4
-0.5206896437274908,-0.3754167750399926,2
0.9580774676494297,3.1846678720878,5
1.358958350917029,1.8907014785035243,6
0.8116944029473816,2.455497327492906,5
-0.19029578804794228,1.0888677428313502,3
0.8926429692425214,2.493581547195993,5
0.8426863821589444,2.4821464531387054,5
-0.8324171681634139,-0.022241078365969114,2
0.7486460396281895,1.9263622006065209,5
-0.627923700243736,0.101652285611121,2
0.3735456721942711,2.1022118642581042,4
0.15088219250636137,1.611485875777504,4
-0.7044303713951422,0.08506934402849581,2
0.44643775487706433,1.584742517613194,4
-0.3151017811602984,-0.5773542609458581,3
-2.032315673151065,-0.8410130520159163,1
-0.1678472734183282,0.7764920276314087,3
-1.1318773281241878,-0.6207167377339611,1
-0.4443966994531955,0.8585503923053929,3
-1.294429507849662,0.09336454875465311,1
-1.4453786361435574,-0.8334588861651132,1
-0.7062597092012143,-1.0117599147979535,2
0.010745698702457313,1.143844034574852,4
-1.172381932610474,-0.048986467916653634,1
2.3317732785185408,3.2905970471158184,6
0.17385660726976124,1.2909520315734662,4
0.15331538914345963,2.059969619721435,4
0.5910134555823263,1.285736277524622,5
-1.7078257765277511,-0.4173599487682385,1
1.681631810680656,1.4328326363844042,6
0.0255381778443908,1.0318729706590153,4
-1.238226142454109,-0.3999776484573376,1
-0.8791096861359748,0.45535588006708266,2
-1.8167638202042575,-1.0249327707038387,1
0.9540100928470715,1.835978240497135,5
-1.5044197895290943,-0.9654357494234954,1
-0.018007162846536594,0.7498066180669374,4
-0.42630141894220136,0.3161829081745803,3
-0.07125325496422767,0.8439535909519502,3
0.19663029858366254,1.8206383701423565,4
0.49902616815831613,1.5981950576744484,5
1.550821815811862,2.6681205598967916,6
-0.31827563890960064,0.1886394622636987,3
-0.06336071403998941,1.0578106122609192,3
0.36891236690578916,2.4878757859253167,4
0.25916193849374813,1.0782651179921223,4
-0.7540141566847657,0.26402598737151506,2
1.605383324189178,2.4776972021049133,6
-1.7738158348933921,-0.9719435957157929,1
-1.1291014575659182,-0.9289524853837883,1
0.9244368621367867,1.2346265836592305,5
1.0306171428967938,2.34764276433809,6
1.1331602019678524,2.2552857270242903,6
-1.0340437906270188,-0.32617729905570486,1
-0.26741325753678574,0.10085710137333792,3
-1.1700743494537587,0.17999821440120445,1
1.631822202899676,2.5154667048428347,6
0.6487111835933638,2.1289008601497676,5
0.10513330942068318,1.185764878690029,4
0.6222927844870613,1.4330877018713477,5
-1.3313872947968517,-0.12836910650015476,1
-0.7944370089989833,0.30052343011723626,2
-0.10290433779454072,1.1606493193293803,3
0.030600047845304283,1.388952882287754,4
-1.0501151828519828,0.6601411875864488,1
0.7225514351406558,2.465367819767698,5
1.5842152882524827,2.0991222604777464,6
-0.605005076352062,1.4075982796747657,2
1.26411164080705,1.9954214726822868,6
0.2844003448743243,1.547223857926413,4
-1.1991583709671434,0.2702807607933596,1
0.6983899863863464,1.7830703168443338,5
-0.583906631154993,-0.410856089721782,2
0.7494944238748531,1.3243328411838424,5
1.5844734828486309,2.7988233598263865,6
-1.145331568326163,0.28467216333258993,1
-2.694519659302827,-1.9353158409683127,1
-0.23902214434791946,0.6879299956707458,3
0.5454795326729842,1.566402663809619,5
-1.1116773042325017,0.47771732081542717,1
-0.9506309331647137,0.1476546861340633,2
0.5255518038273184,1.2858067654281171,5
0.7514034415587867,1.871741648534608,5
0.7111657332543377,1.914275270190687,5
0.6142840582087717,2.03774786481216,5
-0.6169157914250644,0.7794952297097271,2
-0.4919001423340026,-0.044337540526555475,2
0.49349169438583007,0.4989836500509406,5
1.0143629916173362,1.681986720970425,5
-1.171487528749472,-0.3415258686462168,1
-0.31535803788210914,0.5655689930597826,3
-0.9546155872720156,-0.019778985221256137,2
0.632512757233923,1.939123210232371,5
-0.9325298605287811,0.13778271432567468,2
0.874948565462873,2.7540017722548886,5
-0.07181477424523473,1.222815250374203,3
-0.8460066430723194,0.5680494481202374,2
0.6922740530010597,0.9213635643924152,5
0.544862878172123,2.0325933911578016,5
-0.32325901792000755,-0.07131384991188794,3
0.46656438472536177,1.0564386968146358,5
1.6570550571088802,2.380748365880916,6
-1.516996685385801,-0.9317787450377625,1
0.7440145127787168,1.231339967072075,5
0.9876591907696881,1.5392247671025459,5
-1.9269921793719833,-1.0294710844163595,1
0.12937423929815287,1.6902858466168662,4
1.1620433914032329,2.5807834935651295,6
0.37524479464620347,1.6154909904373431,4
-1.2968427266192588,0.20682300108680662,1
-0.023820307412115927,1.0448876847143123,3
0.4967826007026056,1.7432085331613436,5
-1.629199728558886,-0.49205152149221176,1
0.022356049194249862,0.07754221817783813,4
-1.6699517714086531,-0.10532229713864993,1
-0.04889403688887478,0.8059468781713414,3
0.3636184086047733,1.7395965004814327,4
1.0887539457541722,1.4641858954444298,6
2.115833828080827,3.0362494429869624,6
1.3456696098723546,1.9066330867065857,6
0.43240939875779344,0.5291958828058271,4
1.032876866565261,2.8493788040860974,6
-0.36258318513935617,0.27608755736366936,3
-0.24837153140983928,1.4312681022183833,3
-0.628551900829986,0.643149927723655,2
-0.019135753477738455,1.0179281482650047,4
0.9612526587043535,2.462281180880187,5
0.8649552942488435,1.3679501289148193,5
0.7018444191242259,1.9617387051100643,5
-0.1288872152879729,1.195147659956424,3
-0.19010015816470374,0.531847772925855,3
-0.6333391472266193,1.5956547888858954,2
0.1829207989654683,1.0133925403459934,4
0.20336957485504328,1.0669848160069504,4
0.928607285211365,2.1262046584457384,5
-0.3572604067568901,0.021855930245074595,3
0.24944202098015053,1.3769473962643015,4
-0.7697825132382777,0.7209072548603774,2
-0.2398222790138054,1.0276706349227516,3
0.47983069538038475,2.5632710393320446,5
-1.6477069868165999,-0.32226827196787194,1
0.11945662467506193,0.8683505614860798,4
-1.1604467232129532,-0.17847202907371257,1
2.374745952225918,3.9931832148782536,6
1.675282236742638,2.8076902051883277,6
-0.5348010275762287,0.5079117490983689,2
1.3916675385168753,2.6853672087163343,6
-0.8555100669730856,-1.2157336979724058,2
-0.1026699376746493,-0.3747671105818501,3
1.9724698053647947,2.6438744214150542,6
-0.9011659157876291,-0.1965492598695992,2
-0.39930787528312567,-0.05702312115302999,3
0.10094692717390853,0.9753146543802105,4
-0.4082983346935376,0.5668254204283109,3
0.5701397198335391,1.8816359317547242,5
-1.7872472628939187,-0.335257023880877,1
-0.49134743704925976,1.7881151714991352,2
-0.12499093012383554,0.6643238967146939,3
-0.2740915671271325,1.5293002480941755,3
-0.08521453845636248,1.0288805964569006,3
-0.1493990077878891,0.25356753661727194,3
0.784490396724927,1.4287612510005192,5
0.18062944292354285,1.3615790458083314,4
-1.3933591075149006,-0.2666316292991584,1
0.9203113539536383,2.3438759959986117,5
0.4865808051568912,1.4515193718127124,5
0.6363767276804947,1.0764714720567679,5
-1.3280236056411476,-0.4448248947867714,1
-0.07170024342293177,0.20535533354017732,3
-0.3871327247578275,1.413307162837314,3
0.141765132122092,0.6535114999082913,4
-1.6845619645792314,0.2056136868791989,1
0.0765428275074094,1.2622442985319369,4
0.26392185479286007,0.6524930587408105,4
-0.5125867485732607,0.948680037422266,2
0.5459058869770846,1.4761604842904315,5
0.4592486299722846,0.4906930281686467,5
1.3268726664053778,3.7648198931458614,6
0.71450275071937,1.6773407866993277,5
-0.4064428764098643,0.40881055815350187,3
-1.5428035777278772,-0.6509670431988075,1
-0.1271307453112,0.44246612106496674,3
0.20618778460984544,1.524034380702585,4
-0.529869813636907,0.4075619678354763,2
-1.1616292189323285,-0.1874134108316481,1
0.13974628483302173,0.7052156765710653,4
-1.715799173159415,-0.36898796204068035,1
-0.8698196651354977,-0.31988626401366654,2
1.0519574733037034,3.0058968389278387,6
0.8565628431145381,2.0410753141617537,5
1.0116796542151196,1.6952262849879651,5
-0.2530480430776908,0.755853233464901,3
0.18471267893190166,1.4037127961668208,4
-2.3691634664139345,-0.6224866523839703,1
1.676742578654878,2.9272772851438646,6
-1.6753263839764714,-1.4166884598635607,1
-0.4534593888778843,1.3349372702795437,3
-0.4871754911330578,-0.27785635352697313,2
0.7883146964791081,2.496589268279415,5
-0.7490688492971229,-0.09296012353379812,2
-1.0750273253049658,0.04800545201902334,1
-0.20429617512299658,1.0977138509276385,3
-1.4312032524814156,0.4665225121560934,1
0.1309631172068895,1.6409034827271478,4
-1.4320176152145851,-0.08276490225268784,1
-1.1939608468609646,-0.601320058478721,1
0.7132062859770573,1.5018876154021379,5
-0.5334142383559868,0.5370649133170726,2
-0.4070435817630213,1.5988938645107478,3
-0.9923394692388208,0.17221258445782442,2
0.8955826542218114,2.224087993720641,5
0.10905072967426425,1.142051338381534,4
1.0609209824844692,2.2679645520946954,6
-0.9563322720021261,0.2882749995397612,2
-0.12830712852655599,0.7688823985677209,3
-0.6704460759100382,0.6910637491793454,2
-0.3534121426842973,0.5608472633354991,3
-0.8536735506995515,0.040434304389338274,2
0.3905649031196311,2.382312443166819,4
1.224675191660246,2.0060048929208016,6
-1.4406009960457755,-0.19743350778508464,1
-0.10147541895460073,1.323980080402459,3
0.2101222472909127,1.1916453429433593,4
0.0660084393416539,1.503729466832501,4
-0.1960052649852888,1.2191306407020739,3
1.1382880674100033,1.9311998840489282,6
1.6459129661172474,3.893061658166816,6
1.5963411473079803,2.574856812531548,6
0.7417086123577957,1.475305367563156,5
1.6956248533535503,2.5182449157741393,6
1.4171752132147324,2.568768038390819,6
1.7119871538403546,3.5950561876840803,6
0.16188268808046602,0.39371015935079934,4
1.2116796213559793,1.6182163784531673,6
1.0530199137459435,1.659009742341087,6
0.5983662743903727,2.191042163755726,5
-0.8629300826452335,-0.17144857889809356,2
-0.08169969480768685,1.2241237966876666,3
-0.987690086831835,0.11944423812356775,2
-1.2690493524745525,-0.4698044799753205,1
-0.17651113963424714,1.1874791533292635,3
-1.2678839320079276,-0.5511811735987534,1
1.4989045991999619,1.5922044252058765,6
-0.3194309834489771,-0.1729015010932664,3
-0.3872961186703447,0.032734530998956735,3
-0.09638375279740523,1.1844831823230768,3
-0.2844547098846681,0.891008546473217,3
-1.5547830798208482,-0.2775374745799497,1
0.7319427364048675,1.4817118945543464,5
1.3471105364285814,3.0645435871370816,6
-0.19168197631143113,0.5677820450457074,3
-0.6165740235258064,0.7329981168967519,2
0.8569219796974843,1.8742807412219906,5
0.17642973336210807,1.6033564937152014,4
-0.65281806284612,0.6559869015965505,2
1.8933514734773063,3.2800251608191227,6
0.8444521333649487,2.6277104258475634,5
0.8290010178812885,2.611094265398685,5
0.1937976227647799,1.0294113151285749,4
-0.41945342875714475,1.2253280512175753,3
3.504776913093384,4.07346329355148,6
1.2987629981879218,2.5500938423659325,6
1.230405131068565,1.8539784529323242,6
0.045138897731168026,0.8223368709405079,4
1.2874595865355187,2.5321541794579665,6
-0.5744448800785315,1.2957374368497057,2
-1.667679546066041,-1.0208780141773335,1
0.9668383238858208,2.0811848749981405,5
-0.07303058442747959,0.15388944405624616,3
-0.9491411467254223,0.8961031183562356,2
0.36603757134133186,0.990232728000088,4
2.7666397465201835,3.3365390469662586,6
-0.40342994222402134,-0.11297760505813981,3
-0.8636884864910287,0.21964667585399045,2
-0.6209244840735181,0.5619799011028408,2
0.6626774246927783,1.619404089956244,5
-0.40875827188625424,0.3997682490319132,3
0.9482694493194715,2.0543007930375676,5
-0.6853750354881153,0.072685966156710885,2
-1.1892846877033845,0.06617213439943981,1
-1.1746949950519483,-0.5027123087962394,1
-0.39456373386375604,0.11974262373294459,3
0.024339501172102037,0.9632506638484313,4
-0.408128167551445,-0.0485058577443237,3
1.7476997203154883,3.1965796771848356,6
-0.4410382978010398,1.2580287876995704,3
-0.9797732090402669,0.16216221612976364,2
-1.7209656823779593,-1.472844538640548,1
-0.1552940467212193,0.7369344615473585,3
-0.05060875342502741,0.5907838206649344,3
0.7056420114513751,1.8846976086012366,5
0.929720490753119,1.9498702958084593,5
-0.8719316003605097,0.920901168743892,2
1.2415316976671897,2.091291957323932,6
1.881985803273792,2.916699089202757,6
-1.9818025871854468,-0.4398673533034364,1
2.763973795103399,4.042990317495906,6
1.4978446627986133,2.541168402866503,6
0.1525976700910678,1.3458408338606394,4
-0.5797931306207007,0.3312750374786916,2
0.4356820262658947,1.9296971175305815,4
0.4936826416052553,1.3097561425143243,5
-0.6491587610662937,-0.3451030925512475,2
-1.0069105009210975,-0.5227274256888422,2
0.6821681710882592,2.0541201603201316,5
0.7583617755977511,1.1138789164212268,5
-1.0079860199968944,-0.9618458138953676,2
0.9313737588162309,2.9506331545825586,5
-0.5158933810254006,-0.10884539286434691,2
-1.9229228077667415,-0.7291554159890357,1
0.13994122870464937,1.2370138033453029,4
-1.5952963770088942,-1.0316356161383673,1
0.5022471741415564,1.5278809500445103,5
0.8610190240962895,1.385575624920397,5
0.3455305279916122,1.4815321403585628,4
1.643022151570084,3.551704338710709,6
-1.2599196267072925,0.7038628343702419,1
-1.6089122004588141,0.08447600391930421,1
2.054651966739942,2.6221987160311317,6
1.3578721522011965,2.3273352985736664,6
-1.3087259839515566,0.13043514107930132,1
-0.12541810115934354,1.080490677612138,3
1.2606879261396673,3.194538550253412,6
-1.0478451861112992,-0.07432568012195165,1
-0.7347787143405505,0.06467696281255753,2
-0.8781933287026591,-0.1929367605530115,2
-0.843293907101016,-0.1892133846859892,2
0.4684136120647541,1.1418186390455702,5
0.356782220404461,1.6288740779048354,4
-0.4711694817418983,0.17661075720054303,2
0.2995354831887287,0.9652346340310585,4
-0.3957602631144051,0.41610184472869316,3
-0.9658036496359025,0.07320463889767223,2
1.0165727331785175,2.4225967253474896,5
0.10724446162134824,1.1241139847592825,4
1.0067608759727875,2.2069817907125673,5
-0.817610086908185,-0.7158732716526695,2
-0.042442738175519516,0.45339204123811305,3
-0.35080411734121675,1.4888716790777932,3
-0.42858306080873687,0.8173360337908908,3
0.7157549184336949,2.2052458737703216,5
-1.034330487930489,-0.5137002255419456,1
-1.7987508315208087,-0.24522692167533133,1
0.15059971409812029,1.556568578787981,4
0.6221782251818399,1.2915943974396085,5
0.43785653107321143,1.1368253526135708,4
0.11743442640391213,2.785054585227252,4
-0.31890952269581163,1.1872269586015662,3
1.5395038368616711,1.3614185551515872,6
1.6388988011141878,1.489511174452081,6
-2.2636579988472065,-1.2474920999913937,1
-0.9509386606671253,0.6105235803272158,2
0.5412221902283488,1.4845124520638366,5
0.22127348034597902,2.1412424217849884,4
-0.3883670265254999,0.7149345446883117,3
-0.3589105899769421,0.30246230102020466,3
1.1805162023642166,1.1991971584921544,6
-0.19191868651263888,0.6764235562536219,3
-1.2090300198686514,-0.7347927762397958,1
-1.873491077751805,-0.6618116350372146,1
0.07516821572926162,0.8666991383880254,4
-0.956231029377751,-0.07865845101838462,2
-0.730662135110077,0.8106643839047232,2
1.321462184687375,2.1812805482326834,6
1.2617190561854361,1.5424217878191326,6
1.2684187442882688,1.9980424761551276,6
-0.9157153727522523,0.41244973104653737,2
-0.053517499472482306,1.750994080514884,3
-1.0938949178084418,-0.8098373673266867,1
-0.3206928353178691,1.2283348244283991,3
-0.2091014899627885,0.6616007368084872,3
-1.1725351054625157,0.32381457696652116,1
0.6991478406594144,0.7335359996540538,5
-0.8162477360944324,0.8406125567149926,2
1.8323377589565697,2.663480130402041,6
-0.4260799184874945,-0.03033985644858761,3
1.1989168115560878,3.094538142159255,6
1.7182744386557296,1.6817975247867307,6
0.11320249514627335,1.2523771157451495,4
-0.20804068197270173,1.0198682226924591,3
-1.6113347125440043,-0.32664369202292026,1
-1.3140338799350124,-0.5854185800793122,1
0.39399938453552785,1.3316911991505789,4
-0.5405467308837897,0.14521447365831636,2
-0.149786396224749,2.0886996900097228,3
-0.11956719902006449,1.2399411269673188,3
-1.8690536497037276,-1.84256792808612,1
-0.5351878635174154,0.5860773207101502,2
-1.06731050988172,-0.3838451847861576,1
0.7103632174877883,1.719196532710206,5
-0.021094508448299052,0.6533159782368841,3
1.2608420025363267,1.8598470252208141,6
-0.1371906850195547,0.5346105875728375,3
-1.0126789680448587,-0.32898672405158935,1
1.600458158272966,3.4181945416565434,6
0.17319222287885724,1.309462706193697,4
-0.24068089381898203,0.8344190708378659,3
-0.1895937981065657,1.0438683046230572,3
-0.1673739516307898,1.3202919993027202,3
1.1989560434521962,1.7226638772506124,6
-1.9605639591261057,-1.6882920866153586,1
-1.378407107646945,-0.6090510557018273,1
-1.859015004564091,-0.7942468183764503,1
0.9677979222119041,1.591663213621954,5
-0.49034919977822045,-0.14750449405358845,2
1.3323652016181002,2.924222106078096,6
1.2959768231511992,2.7058943795444486,6
0.4980454093721012,0.11764536307721252,5
0.3227093984301555,0.7577467083830081,4
-1.000009436357678,0.7197985814442621,2
-0.5781547884086067,1.2656580915233215,2
1.4047535508137576,2.1454391458417486,6
1.3035753660558076,2.6431165354355617,6
2.6421284247281664,3.319833636379056,6
1.124011013194747,1.803673779995884,6
-0.45464115828894364,0.056260976068293,3
-0.5612869710999322,0.7928869517582344,2
0.9343059066783688,1.2604461713211828,5
1.1457205743506578,2.1367596221731224,6
-0.668233248104849,0.5874771985824969,2
-0.08321161481185473,1.5009411503451513,3
1.4348649404394833,2.168625656826486,6
0.4639267372724739,1.4727402263880804,5
-0.6431339202654567,1.1684964069890937,2
0.3153427642850352,1.41376339118921,4
0.24754507663399042,0.5922392753772492,4
1.3323659610076692,2.9240260757546523,6
-1.68707561424435,-0.5556438261242382,1
-0.3193678977467292,0.26208342996626155,3
0.6340701779375935,1.6144499618831283,5
-0.6204523338469222,0.34361725546714444,2
0.022598531989425713,0.5565842124079663,4
1.714066368127096,2.6627054411647824,6
-0.5266191212409497,-0.02750558933164937,2
-0.6592895405783927,-1.5712330866542583,2
-0.3699121365558507,0.204679447265394,3
1.9091456991246292,2.9638817629696104,6
0.026988466237593635,1.4737288798857007,4
0.0755031232233226,1.9390011267043712,4
1.0673655730057512,2.1175915500397156,6
-0.5390916016225124,0.9143809485699752,2
1.180236765754133,1.8831018815750447,6
-0.07635009828130411,1.1740508530941876,3
0.5979700364138619,1.0296274546293256,5
-0.09470086608654987,0.516543517266558,3
0.5356592220870532,1.2255198920296264,5
-0.709238641602177,1.4812894536586414,2
1.114445056881512,1.252207056264556,6
0.027454717191193447,0.7098961578032619,4
-0.03653248574970481,1.2162940794899384,3
-3.4938710319330264,-2.254296567776195,1
-0.24506321671127848,0.20133693437956846,3
0.8844889487945952,3.319318623535046,5
-0.42929898746215955,0.7243754722465678,3
1.253404912034824,1.5115967879188652,6
-0.09765911293306162,0.9046963696324039,3
0.669120589337592,0.9111425222887637,5
0.21314310622940968,0.6383382511988154,4
1.5184719106988538,2.5795455270570624,6
0.7164727733507581,1.7299910641003324,5
-1.0373180160062083,0.2744925975402408,1
1.9098337449873408,1.8313320891441063,6
-0.7714622879792288,0.1249189214667929,2
0.9952289200106403,1.2246008415430079,5
-0.11695791734801522,0.6204787973229091,3
0.17911898246326774,0.6494828943487683,4
-0.5614108263549245,1.1320557090490708,2
-1.6744216375201675,-0.38256052175239313,1
-1.4658804727611074,0.994206770894309,1
0.10806583963683138,0.6092325677739179,4
-1.135918167581015,-0.4956044141663153,1
0.47612761431636047,1.4029333115321103,5
-0.42768287852909426,0.12264593830327059,3
0.9683738931528142,1.657663849448259,5
-0.7735442977301927,0.3276960604479938,2
-1.4714879864003416,-0.6726769099427748,1
0.4163032318599593,1.5961788975387439,4
0.8870878006954848,2.4358424685632096,5
1.5326106369912582,3.439349269481813,6
-1.2295429917703946,-0.5579529162762586,1
-0.7167785696660409,0.5485531250380842,2
1.1058235551342386,2.6379041601192608,6
-0.8154305649299434,-0.11067960264418386,2
-0.6760451294063634,0.7639380757731928,2
-1.0144247680550895,0.45205443855929717,1
-0.7379385567047562,1.074963963382931,2
-0.7318181844448451,-0.3299594646741604,2
1.7402355895493016,3.552196413236611,6
-1.8453004250488414,-1.2957564411916995,1
0.6885327947038724,2.032862549112327,5
1.3870885853712025,2.036462636371614,6
-0.6927731319873303,0.3966889804115612,2
-1.7467760960778567,-0.8639710655180939,1
0.338609505204867,1.1310385659870312,4
-1.2970987910682312,-0.9047113342197627,1
-1.055387441359067,-1.0143082723709327,1
-0.6623913429798189,-0.265002472844708,2
0.4873942820940088,1.3906676657881882,5
1.0996540983690015,1.814141950905125,6
0.22344551308761995,1.060827100364556,4
-1.094803323932164,-0.4779766501151958,1
-0.4055527332175115,1.5932100807111813,3
0.35668269890577287,0.4712240139845659,4
-1.1545009194083442,0.08417054836050339,1
0.6492101057663646,2.0788416056061,5
-0.019765531716676256,2.00248706866798,4
0.9689532263765741,2.343725151112273,5
-0.004209446745132266,0.16385084711262154,4
1.7007627842694049,2.866506964902472,6
0.7090008718901006,2.6503564389910923,5
1.199300561900884,2.850789013563448,6
-0.7863191035877652,0.15168848899614118,2
-0.15007430417652592,1.166343179112859,3
-0.07241870338393121,0.4195939570169306,3
0.5979976053484541,1.090316368837592,5
-0.37744901431657996,0.32141103017058825,3
-0.9928389088064056,0.7564978028682113,2
1.800278552423189,2.104575102710231,6
0.6354194132917869,1.6579096185740605,5
0.7823886685690379,1.5305445670068805,5
0.597540787564258,1.406305759615043,5
1.2099972966874362,2.4649929160373736,6
0.2404603292322528,0.9186910997042651,4
1.0576102668353908,2.344362771222405,6
-0.9290082873234926,0.37675578498093165,2
0.8727546936867484,2.535196986332556,5
-0.5105971387196445,0.4530046455908502,2
-1.7765556310996986,-0.5832693986261619,1
-0.23119114580276764,0.5415320576765248,3
0.6968847321197563,1.95341518522715,5
-0.7237933525705705,0.09537868172336686,2
-1.4279565789614663,-0.4387815668523686,1
-2.4105663041234395,-0.7042181977738075,1
1.4670749809591106,1.7048221498708278,6
-1.158332476538484,-0.5137108998905886,1
0.37503373747523133,1.6121461076711239,4
1.9852747605732155,3.026705900482808,6
1.0235931574819932,1.6954573751005957,6
-0.8408902317790289,0.09694591247623621,2
-0.4234359349989446,0.6780939420466087,3
0.15792962502922314,1.041451293362322,4
0.34873893661082855,1.7851167129380852,4
-0.061317754025925694,1.4115256999842896,3
0.3484797152323159,1.1472704272483465,4
-0.784173699293209,0.48467857321945995,2
-0.04423362538876972,0.826021493645684,3
-0.9096832832878907,-0.08338999705464753,2
0.7621278280461232,1.7087348149910915,5
0.2468158566139718,0.7937436297287765,4
-0.7558579466765413,-0.12271489208226677,2
0.17504997711391349,1.536977762091315,4
-1.1500502940242399,-0.6415839598716709,1
-0.28417907734535713,-0.2301016061980945,3
-0.2512800277312218,1.2823683929391532,3
